time,rpm,water_temp,oil_temp,gear_volt
14:26:00,4754,87.30093359517521,86.47033496750714,13.58811645592382
14:26:01,4471,95.78663202415984,91.50179235708252,13.321647358351974
14:26:02,1910,87.78455687006883,110.82818458426819,13.735894764253757
14:26:03,2841,96.87178740401816,117.19023506774931,13.112733393826613
